Workbook

Sheet Literature Matrix
A1: ID | B1: Theme | C1: Paper | D1: Authors | E1: Year | F1: Venue | G1: Status | H1: Problem addressed | I1: Method / approach | J1: Data / testbed | K1: Key result | L1: How success is judged | M1: Deploys to real infra? | N1: Limitation / gap | O1: Gap source | P1: Link
A2: A1 | B2: A. LLM generation of IaC / cloud config | C2: Automated Code Generation for IT Tasks in YAML through Large Language Models (Ansible Wisdom) | D2: Pujar et al. | E2: 2023 | F2: arXiv 2305.02783 | G2: Preprint | H2: LLM code generation ignores IT-automation DSLs such as Ansible-YAML. | I2: Transformer pre-trained/fine-tuned on Ansible and YAML; NL-to-Ansible reframed as code completion; two Ansible-specific metrics. | J2: ~1.1M Ansible tasks/playbooks + ~2.2M generic YAML files; Ansible Galaxy for fine-tuning. | K2: Wisdom models beat CodeGen and Codex-Davinci-002 in few-shot settings (best BLEU 46.58). | L2: Text similarity: BLEU, exact match, schema and Ansible-aware scores. | M2: No | N2: Only text-similarity metrics; generated playbooks are never executed or security-checked. | O2: Our observation | P2: Open
A3: A2 | B3: A. LLM generation of IaC / cloud config | C3: Ansible Lightspeed: A Code Generation Service for IT Automation | D3: Sahoo, Pujar et al. | E3: 2024 | F3: ASE 2024 (Industry Showcase) | G3: Peer-reviewed | H3: Bringing domain-specific LLM code completion for Ansible into IDEs at production scale. | I3: Client-server service (VS Code extension) with inference and content-matching attribution pipelines. | J3: Production usage telemetry. | K3: 49.08% acceptance rate for multi-line Ansible task suggestions. | L3: User acceptance rate. | M3: No | N3: Acceptance is not correctness: no check that accepted playbooks run or are secure. | O3: Our observation | P3: Open
A4: A3 | B4: A. LLM generation of IaC / cloud config | C4: CloudEval-YAML: A Practical Benchmark for Cloud Configuration Generation | D4: Xu et al. | E4: 2024 | F4: MLSys 2024 | G4: Peer-reviewed | H4: No benchmark existed for LLM generation of cloud-native configuration. | I4: Hand-written problems with reference YAML and unit-test scripts; distributed evaluation cluster. | J4: 1,011 problems (Kubernetes, Envoy, Istio); 12 LLMs evaluated. | K4: Code-specialised models perform poorly; evaluation platform gives 20x speed-up. | L4: BLEU, edit distance, key-value match, unit tests. | M4: Partial | N4: Generation only; no security or misconfiguration assessment of outputs. | O4: Our observation | P4: Open
A5: A4 | B5: A. LLM generation of IaC / cloud config | C5: IaC-Eval: A Code Generation Benchmark for Cloud Infrastructure-as-Code Programs | D5: Kon et al. | E5: 2024 | F5: NeurIPS 2024 Datasets & Benchmarks | G5: Peer-reviewed | H5: No benchmark for LLM-generated Terraform. | I5: NL problem + infrastructure intent specification checked with OPA policies. | J5: 458 human-curated AWS Terraform scenarios. | K5: GPT-4 reaches only 19.36% pass@1 versus 86.6% on Python EvalPlus. | L5: terraform plan + OPA intent policies. | M5: No | N5: Terraform/AWS only; measures functional intent, not security; no live deployment. | O5: Our observation | P5: Open
A6: A5 | B6: A. LLM generation of IaC / cloud config | C6: Multi-IaC-Eval: Benchmarking Cloud Infrastructure as Code Across Multiple Formats | D6: Davidson et al. | E6: 2025 | F6: arXiv 2509.05303 | G6: Preprint | H6: Benchmarks covered one IaC format at a time. | I6: Generation and mutation tasks across CloudFormation, Terraform and CDK with retry loop. | J6: Multi-format benchmark; 3 LLMs. | K6: High lint/Checkov pass rates after ~1.8-2.7 LLM calls per case. | L6: Lint, Checkov, LLM judge, edit distance. | M6: No | N6: Static and LLM-judge checks only; no deployment or runtime behaviour. | O6: Our observation | P6: Open
A7: A6 | B7: A. LLM generation of IaC / cloud config | C7: Deployability-Centric IaC Generation: Fail, Learn, Refine, and Succeed through LLM-Empowered DevOps Simulation (IaCGen / DPIaC-Eval) | D7: Zhang et al. | E7: 2026 | F7: FSE 2026 | G7: Peer-reviewed | H7: IaC generation is evaluated on syntax while ignoring deployability. | I7: IaCGen iterative loop: format check, syntax check, live deployment feedback. | J7: DPIaC-Eval: 153 real-world scenarios, 58 services; 6 LLMs. | K7: First-attempt deployment success only 20.8-30.2%; IaCGen raises it to 54.6-91.6% within 10 iterations. | L7: Live deployment + syntax + intent + security dimensions. | M7: Yes | N7: Deploys generated templates, but measures 'did it deploy', not whether an application behaves correctly under traffic; generation, not security repair. | O7: Our observation | P7: Open
A8: A7 | B8: A. LLM generation of IaC / cloud config | C8: TerraFormer: Automated IaC with LLMs Fine-Tuned via Policy-Guided Verifier Feedback | D8: Khalil / Buehler et al. | E8: 2026 | F8: ACM 2026 (arXiv 2601.08734) | G8: Peer-reviewed | H8: Scarce verified datasets and unreliable metrics for LLM IaC generation. | I8: Verifier-generated error certificates drive multi-turn repair; fine-tuning on verified TF-Gen and TF-Mutn datasets. | J8: Large verified Terraform datasets curated from open-source repos. | K8: Highest best-practice and security compliance among compared models; 3rd on IaC-Eval. | L8: Verifiers/policies (Checkov), plan-level deployability test. | M8: No | N8: States real cloud deployment is slow and needs credentials, and that pre-deployment testing is an open problem. | O8: Stated by authors | P8: Open
A9: A8 | B9: A. LLM generation of IaC / cloud config | C9: Compared to What? A Human-Anchored Security Benchmark for LLM-Generated Infrastructure-as-Code | D9: Shaw | E9: 2026 | F9: arXiv 2608.28021 | G9: Preprint | H9: Prior work counts vulnerabilities in LLM IaC with no human baseline. | I9: Size-matched comparison against human templates; Skillings-Mack statistics; models from several vendors. | J9: 100 deployment scenarios; 634 human templates from public repos. | K9: LLM IaC has 3.21-3.87x the vulnerability density of human IaC; deployability not correlated with vulnerability (r = 0.158). | L9: Static security scanners + deployability. | M9: Partial | N9: Human baseline is curated public templates, not necessarily typical production IaC. | O9: Stated by authors | P9: Open
A10: A9 | B10: A. LLM generation of IaC / cloud config | C10: Security-First Evaluation of Text-to-Terraform: Benchmarking LLMs and SLMs for Secure IaC Generation | D10: (arXiv) | E10: 2026 | F10: arXiv 2608.02672 | G10: Preprint | H10: Security is secondary in most IaC generation benchmarks. | I10: CI/CD benchmark pipeline with prompt security levels and a revise stage. | J10: 17 of 458 IaC-Eval scenarios; LLMs and SLMs. | K10: Checkov and Trivy frequently disagree on the same output. | L10: Checkov + Trivy, validate, plan. | M10: No | N10: Small scenario subset; scanner disagreement shows static oracles are unreliable. | O10: Our observation | P10: Open
A11: A10 | B11: A. LLM generation of IaC / cloud config | C11: SWE-InfraBench: Evaluating Language Models on Cloud Infrastructure Code | D11: (arXiv) | E11: 2026 | F11: arXiv 2606.05249 | G11: Preprint | H11: LLM editing of imperative IaC in large stateful codebases is underexplored. | I11: Benchmark of realistic AWS CDK modification tasks with execution-based tests. | J11: AWS CDK tasks. | K11: First benchmark for LLM modification of imperative IaC. | L11: Execution-based unit tests. | M11: Partial | N11: Passing tests can still hide misconfigurations or security risk; suggests static analysis and cost simulation as future work. | O11: Stated by authors | P11: Open
A12: B1 | B12: B. IaC & Kubernetes misconfiguration detection | C12: GLITCH: Automated Polyglot Security Smell Detection in Infrastructure as Code | D12: Saavedra & Ferreira | E12: 2022 | F12: ASE 2022 | G12: Peer-reviewed | H12: Security smell detectors are inconsistent across IaC technologies. | I12: Technology-agnostic intermediate representation with smell detectors defined on it. | J12: 196,755 Ansible, Chef and Puppet scripts (12.3M LOC). | K12: Detects nine security smells consistently across languages, compared favourably with prior detectors. | L12: Precision/recall against labelled oracle. | M12: No | N12: Detection only; no repair, no runtime validation. | O12: Our observation | P12: Open
... A38: F2 | B38: F. CI/CD workflows & LLMs | C38: How Compliant Are GitHub Actions Workflows? A Checklist-Based Study with LLM-Assisted Auditing | D38: (arXiv) | E38: 2026 | F38: arXiv 2605.02091 | G38: Preprint | H38: No empirical measure of how well real workflows follow recommended practices. | I38: Checklist-based audit by four LLMs plus expert resolution. | J38: 95 real workflows; 2,850 assessments; Java open-source projects. | K38: Overall compliance 28-38%; security only 26%; LLMs over-flag and agree only fairly. | L38: Expert-validated checklist. | M38: No | N38: Java projects only; LLMs cannot replace expert auditors. | O38: Stated by authors | P38: Open

Sheet Gap Analysis
A1: Gap | B1: Gap in one line | C1: Evidence from the literature | D1: Supporting papers (IDs) | E1: Priority
A2: G1 | B2: Repair is judged before deployment | C2: Almost every LLM security-repair study counts a fix as successful once scanners, validate or plan pass. TerraProbe explicitly runs no apply; TerraFormer calls real deployment slow and pre-deployment testing an open problem. | D2: C1, C3, C6, C7, C8, C9, A7 | E2: Primary
A3: G2 | B3: Deployment checks stop at 'did it deploy' | C3: Where real infrastructure is used (IaCGen, Zodiac, KuTIE), success means the resource deploys or a patch matches ground truth. None measures application behaviour under realistic traffic (error rate, latency) after a security fix. | D3: A6, B3, C5 | E3: Primary
A4: G3 | B4: Security intent and functional correctness are never measured together | C4: TerraProbe measures security intent (deceptive fixes) without runtime; KuTIE measures runtime correctness without intent analysis; KubeGuard scores least-privilege accuracy against logs without redeploying. No study reports both on the same repairs. | D4: C4, C5, C6 | E4: Primary
A5: G4 | B5: Terraform and Kubernetes are studied separately | C5: TerraProbe proposes a Kubernetes version of its oracle stack but has not run it; IaC-Guard-V covers Kubernetes only statically; Kubernetes repair studies rarely touch cloud IAM. | D5: C5, C6, C7, B2 | E5: Secondary
A6: G5 | B6: Benchmarks are clean and answer-focused | C6: Agent benchmarks use clean, single-fault injections on small demo apps and score final answers; process-level evidence shows accuracy is overstated. | D6: D3, D4, D6, D7 | E6: Context (adjacent direction)
A7: G6 | B7: Serving-stack research ignores operations | C7: LLM serving papers optimise engine and cluster throughput; secure configuration and operation of serving stacks on Kubernetes is not studied. | D7: E1, E2, E3 | E7: Context (adjacent direction)
A9: Proposed research gap
A10: Combining G1-G4: no study evaluates LLM security repairs for both Kubernetes and Terraform by deploying them and testing the running application under realistic load, while also checking that the security intent of each fix is met. Closest work: TerraProbe (C6, intent but no deployment), KuTIE (C5, runtime correctness on one custom cluster, no load, no intent), IaC-Guard-V (C7, static verification only).
A12: Caution
A13: Three of the closest papers (C5, C6, C7) appeared between July and September 2026. Re-check arXiv for new LLM IaC/Kubernetes repair work immediately before writing and again before submission.

Sheet Theme Summary
A1: Theme | B1: Papers | C1: Peer-reviewed | D1: Preprints | E1: Deploy: Yes | F1: Deploy: Partial | G1: Deploy: No | H1: Share that deploy (Yes)
A2: A. LLM generation of IaC / cloud config | B2: =COUNTIF('Literature Matrix'!$B$2:$B$38,A2) -> 10 | C2: =COUNTIFS('Literature Matrix'!$B$2:$B$38,A2,'Literature Matrix'!$G$2:$G$38,"Peer-reviewed") -> 5 | D2: =COUNTIFS('Literature Matrix'!$B$2:$B$38,A2,'Literature Matrix'!$G$2:$G$38,"Preprint") -> 5 | E2: =COUNTIFS('Literature Matrix'!$B$2:$B$38,A2,'Literature Matrix'!$M$2:$M$38,"Yes") -> 1 | F2: =COUNTIFS('Literature Matrix'!$B$2:$B$38,A2,'Literature Matrix'!$M$2:$M$38,"Partial") -> 3 | G2: =COUNTIFS('Literature Matrix'!$B$2:$B$38,A2,'Literature Matrix'!$M$2:$M$38,"No") -> 6 | H2: =IF(B2=0,0,E2/B2) -> 0.1
A3: B. IaC & Kubernetes misconfiguration detection | B3: =COUNTIF('Literature Matrix'!$B$2:$B$38,A3) -> 5 | C3: =COUNTIFS('Literature Matrix'!$B$2:$B$38,A3,'Literature Matrix'!$G$2:$G$38,"Peer-reviewed") -> 4 | D3: =COUNTIFS('Literature Matrix'!$B$2:$B$38,A3,'Literature Matrix'!$G$2:$G$38,"Preprint") -> 1 | E3: =COUNTIFS('Literature Matrix'!$B$2:$B$38,A3,'Literature Matrix'!$M$2:$M$38,"Yes") -> 1 | F3: =COUNTIFS('Literature Matrix'!$B$2:$B$38,A3,'Literature Matrix'!$M$2:$M$38,"Partial") -> 0 | G3: =COUNTIFS('Literature Matrix'!$B$2:$B$38,A3,'Literature Matrix'!$M$2:$M$38,"No") -> 4 | H3: =IF(B3=0,0,E3/B3) -> 0.2
A4: C. LLM security repair of IaC / Kubernetes | B4: =COUNTIF('Literature Matrix'!$B$2:$B$38,A4) -> 9 | C4: =COUNTIFS('Literature Matrix'!$B$2:$B$38,A4,'Literature Matrix'!$G$2:$G$38,"Peer-reviewed") -> 6 | D4: =COUNTIFS('Literature Matrix'!$B$2:$B$38,A4,'Literature Matrix'!$G$2:$G$38,"Preprint") -> 3 | E4: =COUNTIFS('Literature Matrix'!$B$2:$B$38,A4,'Literature Matrix'!$M$2:$M$38,"Yes") -> 1 | F4: =COUNTIFS('Literature Matrix'!$B$2:$B$38,A4,'Literature Matrix'!$M$2:$M$38,"Partial") -> 0 | G4: =COUNTIFS('Literature Matrix'!$B$2:$B$38,A4,'Literature Matrix'!$M$2:$M$38,"No") -> 8 | H4: =IF(B4=0,0,E4/B4) -> 0.11111111
A5: D. AIOps: incident RCA & remediation agents | B5: =COUNTIF('Literature Matrix'!$B$2:$B$38,A5) -> 8 | C5: =COUNTIFS('Literature Matrix'!$B$2:$B$38,A5,'Literature Matrix'!$G$2:$G$38,"Peer-reviewed") -> 6 | D5: =COUNTIFS('Literature Matrix'!$B$2:$B$38,A5,'Literature Matrix'!$G$2:$G$38,"Preprint") -> 2 | E5: =COUNTIFS('Literature Matrix'!$B$2:$B$38,A5,'Literature Matrix'!$M$2:$M$38,"Yes") -> 2 | F5: =COUNTIFS('Literature Matrix'!$B$2:$B$38,A5,'Literature Matrix'!$M$2:$M$38,"Partial") -> 2 | G5: =COUNTIFS('Literature Matrix'!$B$2:$B$38,A5,'Literature Matrix'!$M$2:$M$38,"No") -> 2 | H5: =IF(B5=0,0,E5/B5) -> 0.25
A6: E. LLM serving infrastructure | B6: =COUNTIF('Literature Matrix'!$B$2:$B$38,A6) -> 3 | C6: =COUNTIFS('Literature Matrix'!$B$2:$B$38,A6,'Literature Matrix'!$G$2:$G$38,"Peer-reviewed") -> 3 | D6: =COUNTIFS('Literature Matrix'!$B$2:$B$38,A6,'Literature Matrix'!$G$2:$G$38,"Preprint") -> 0 | E6: =COUNTIFS('Literature Matrix'!$B$2:$B$38,A6,'Literature Matrix'!$M$2:$M$38,"Yes") -> 2 | F6: =COUNTIFS('Literature Matrix'!$B$2:$B$38,A6,'Literature Matrix'!$M$2:$M$38,"Partial") -> 1 | G6: =COUNTIFS('Literature Matrix'!$B$2:$B$38,A6,'Literature Matrix'!$M$2:$M$38,"No") -> 0 | H6: =IF(B6=0,0,E6/B6) -> 0.66666667
A7: F. CI/CD workflows & LLMs | B7: =COUNTIF('Literature Matrix'!$B$2:$B$38,A7) -> 2 | C7: =COUNTIFS('Literature Matrix'!$B$2:$B$38,A7,'Literature Matrix'!$G$2:$G$38,"Peer-reviewed") -> 1 | D7: =COUNTIFS('Literature Matrix'!$B$2:$B$38,A7,'Literature Matrix'!$G$2:$G$38,"Preprint") -> 1 | E7: =COUNTIFS('Literature Matrix'!$B$2:$B$38,A7,'Literature Matrix'!$M$2:$M$38,"Yes") -> 0 | F7: =COUNTIFS('Literature Matrix'!$B$2:$B$38,A7,'Literature Matrix'!$M$2:$M$38,"Partial") -> 0 | G7: =COUNTIFS('Literature Matrix'!$B$2:$B$38,A7,'Literature Matrix'!$M$2:$M$38,"No") -> 2 | H7: =IF(B7=0,0,E7/B7) -> 0
A8: Total | B8: =SUM(B2:B7) -> 37 | C8: =SUM(C2:C7) -> 25 | D8: =SUM(D2:D7) -> 12 | E8: =SUM(E2:E7) -> 7 | F8: =SUM(F2:F7) -> 6 | G8: =SUM(G2:G7) -> 22 | H8: =IF(B8=0,0,E8/B8) -> 0.18918919
A10: Counts update automatically when rows are added to or edited in the Literature Matrix.

Sheet Search Protocol
A1: Item | B1: Detail
A2: Search date | B2: 3 October 2026
A3: Scope | B3: Cloud/DevOps + AI broadly: LLM generation and repair of IaC and Kubernetes configuration, misconfiguration detection, AIOps agents for incident RCA and remediation, LLM serving infrastructure, CI/CD workflows.
A4: Years | B4: 2020-2026
A5: Sources searched | B5: Web search across arXiv, ACM Digital Library, IEEE Xplore/Computer Society, USENIX, NeurIPS, ICLR, ICML and MLSys proceedings; citation chasing from related-work sections of the closest papers (TerraProbe, KubeGuard, IaC-Guard-V).
A6: Inclusion | B6: Peer-reviewed conference/journal papers or arXiv preprints; proposes a method, benchmark or empirical study in the scope above; reports quantitative results.
A7: Exclusion | B7: Pre-2020 work; blogs and vendor white papers; papers without evaluation; papers whose venue or content could not be checked.
A8: Result | B8: 37 papers: 25 peer-reviewed, 12 preprints, grouped into six themes (see Theme Summary).
A9: 'Deploys to real infra?' | B9: Yes = outputs are deployed to a real cluster or cloud as part of evaluation; Partial = execution tests, deployability check or live environment for some tasks only; No = static, plan-level or text-similarity evaluation; n/a = not a configuration task.
A10: 'Gap source' | B10: Stated by authors = limitation the paper itself reports; Stated by later work = limitation reported by a citing paper; Our observation = limitation inferred from the paper's evaluation design.
A11: Known limitations | B11: Not a full systematic review (no database query counts or screening log). Some details for C1 come from a secondary source. Venues of preprints may change. Verify key numbers against each PDF before citing.
A12: Next step | B12: Run a formal PRISMA-style search (Scopus/IEEE Xplore/ACM DL query strings, screening counts) if the professor wants a systematic review section.
